,title,url,thumbnail_url,channel,description
0,GIGANTAMAX Pokemon Battle Royale üí• Collab With @Lockstin & Gnoggin (Loud Sound Warning),https://www.youtube.com/watch?v=bvaLHbLTWuI,https://i.ytimg.com/vi/bvaLHbLTWuI/hqdefault.jpg?sqp=-oaymwEcCPYBEIoBSFXyq4qpAw4IARUAAIhCGAFwAcABBg==&rs=AOn4CLCRiDzfGQbuUvsExuK_7pOXKJ_xdw,TerminalMontage,"We put every Gigantamax Pokemon on a continent to find out who would win in a BATTLE ROYALE! Which kaiju will survive and emerge victorious? This video was a collaboration with Lockstin, check..."
1,Gigantamax Pok√©mon BATTLE ROYALE Explained! üí• Gnoggin X @TerminalMontage,https://www.youtube.com/watch?v=kHXSz9nvJXY,https://i.ytimg.com/vi/kHXSz9nvJXY/hqdefault.jpg?sqp=-oaymwEcCPYBEIoBSFXyq4qpAw4IARUAAIhCGAFwAcABBg==&rs=AOn4CLDMaBKF-VeiONwB_76E8ml2ZB8Imw,Lockstin & Gnoggin,"Woah! TerminalMontage released the Gigantamax Pokemon Battle Royale video! Something About that seems familiar... oh right we helped write it. In this video, I'm going to sort of explain what..."
2,The Call | Pepsi Super Bowl LVI Halftime Show OFFICIAL TRAILER,https://www.youtube.com/watch?v=h3NhX6-5mO0,https://i.ytimg.com/vi/h3NhX6-5mO0/hqdefault.jpg?sqp=-oaymwEcCPYBEIoBSFXyq4qpAw4IARUAAIhCGAFwAcABBg==&rs=AOn4CLDR6232QReDwlwp8PQzDHBCFdY5Ag,Pepsi,"Directed by filmmaker F. Gary Gray, ‚ÄúThe Call‚Äù features Dr. Dre, Snoop Dogg, Eminem, Mary J. Blige and Kendrick Lamar for an epic Pepsi Super Bowl LVI Halftime Show trailer. Scored by..."
3,Trying The World's MOST Beautiful Makeup... Is It Jeffree Star Approved?!,https://www.youtube.com/watch?v=kLfBA1sZaMU,,jeffreestar,"Hi everyone!!!! Welcome BACK to my channel.. Today we're embarking on a makeup journey!! The first makeup review of 2022. When I first saw the photos of these makeup products, I didn't think..."
4,Star Trek: Picard | Season 2 Official Trailer | Paramount+,https://www.youtube.com/watch?v=OyuddrlFajs,,Paramount Plus,"The new season of Star Trek: Picard premieres March 3, 2022 exclusively on Paramount+. Watch the New Trailer, which debuted during the Star Trek: Picard panel at Star Trek Day 2021. Paramount+..."
5,Mike Tyson Crashes the Podcast with Dana White and The NELKBOYS! | FULL SEND PODCAST,https://www.youtube.com/watch?v=yRYF8t2swqs,,FULL SEND PODCAST,LISTEN ON SPOTIFY: https://open.spotify.com/show/5lEFhgPq9gcYU9MSXkALiZ SUBSCRIBE HERE: https://youtube.com/channel/UChPuCAEXg7iYkVNjQY1NGYg?sub_confirmation=1 This week Dana White and Mike...
6,How I stole an Entire Mountain,https://www.youtube.com/watch?v=ZATlLRwMttk,,rekrap2,"There is a HUGE rivalry on this server and to prank em, I kinda stole their base xD. Where I get my music: https://www.epidemicsound.com/referral/hdky6e/ -Epidemic sound- referal link..."
7,Charlie Puth - Light Switch [Official Music Video],https://www.youtube.com/watch?v=WFsAon_TWPQ,,Charlie Puth,Light Switch out now! Download/stream: https://charlieputh.lnk.to/LightSwitchID Text: (323) 524-9978 Subscribe for more official content from Charlie Puth: https://Atlantic.lnk.to/CPsubscribeID...
8,"Pok√©mon HeartGold, but I'm Team Sky",https://www.youtube.com/watch?v=2ccmB0BHRa4,,MandJTV Plays,"Install Raid for Free‚úÖ Mobile and PC: https://clik.cc/RD26I and get a special starter packüí• Available only for the next 30 days üí• My Pokemon evil team, Team Sky, heads to Johto! üìΩÔ∏èSubs..."
9,"I Spent 37,094 Years Making Humanity Regret Existing - WorldBox",https://www.youtube.com/watch?v=3dNZA5YivtA,,Let's Game It Out,Thanks to Dying Light 2 for sponsoring! Pre-order NOW: https://wehy.pe/y/5/LetsGameItOut JOIN MY STREAMS! ‚ñ∫ https://www.twitch.tv/letsgameitout Merch! ‚ñ∫ US/CA STORE ‚ñ∫ http://bit.ly/LetsG...
